{
  "name": "Apple Inc.",
  "price": 175.43,
  "change": 2.34,
  "changePercent": 1.35,
  "volume": "52.3M",
  "marketCap": "2.75T",
  "pe": 28.5,
  "chartData": [
    { "time": "09:30", "price": 173.2 },
    { "time": "10:00", "price": 174.1 },
    { "time": "10:30", "price": 173.8 },
    { "time": "11:00", "price": 175.2 },
    { "time": "11:30", "price": 174.9 },
    { "time": "12:00", "price": 175.4 },
    { "time": "12:30", "price": 176.1 },
    { "time": "13:00", "price": 175.8 },
    { "time": "13:30", "price": 176.5 },
    { "time": "14:00", "price": 175.9 },
    { "time": "14:30", "price": 176.8 },
    { "time": "15:00", "price": 175.43 }
  ],
  "volumeData": [
    { "time": "09:30", "volume": 8.2 },
    { "time": "10:00", "volume": 12.1 },
    { "time": "10:30", "volume": 9.8 },
    { "time": "11:00", "volume": 15.2 },
    { "time": "11:30", "volume": 11.9 },
    { "time": "12:00", "volume": 7.4 },
    { "time": "12:30", "volume": 13.6 },
    { "time": "13:00", "volume": 10.8 },
    { "time": "13:30", "volume": 16.3 },
    { "time": "14:00", "volume": 14.7 },
    { "time": "14:30", "volume": 18.9 },
    { "time": "15:00", "volume": 22.1 }
  ],
  "monthlyData": [
    {
      "averageClose": 193.6,
      "averageVolume": 45231012,
      "closeGrowthRate": 0,
      "volumeGrowthRate": 0,
      "date": "2023-12"
    },
    {
      "averageClose": 184.4,
      "averageVolume": 52341023,
      "closeGrowthRate": -4.75,
      "volumeGrowthRate": 15.72,
      "date": "2024-01"
    },
    {
      "averageClose": 182.3,
      "averageVolume": 48923456,
      "closeGrowthRate": -1.14,
      "volumeGrowthRate": -6.53,
      "date": "2024-02"
    },
    {
      "averageClose": 171.5,
      "averageVolume": 56789012,
      "closeGrowthRate": -5.92,
      "volumeGrowthRate": 16.08,
      "date": "2024-03"
    },
    {
      "averageClose": 169.9,
      "averageVolume": 51234567,
      "closeGrowthRate": -0.93,
      "volumeGrowthRate": -9.78,
      "date": "2024-04"
    },
    {
      "averageClose": 189.9,
      "averageVolume": 62345678,
      "closeGrowthRate": 11.77,
      "volumeGrowthRate": 21.68,
      "date": "2024-05"
    },
    {
      "averageClose": 214.1,
      "averageVolume": 58901234,
      "closeGrowthRate": 12.74,
      "volumeGrowthRate": -5.52,
      "date": "2024-06"
    },
    {
      "averageClose": 218.4,
      "averageVolume": 54567890,
      "closeGrowthRate": 2.01,
      "volumeGrowthRate": -7.36,
      "date": "2024-07"
    },
    {
      "averageClose": 225.8,
      "averageVolume": 49876543,
      "closeGrowthRate": 3.39,
      "volumeGrowthRate": -8.59,
      "date": "2024-08"
    },
    {
      "averageClose": 220.7,
      "averageVolume": 53456789,
      "closeGrowthRate": -2.26,
      "volumeGrowthRate": 7.18,
      "date": "2024-09"
    },
    {
      "averageClose": 225.4,
      "averageVolume": 51789012,
      "closeGrowthRate": 2.13,
      "volumeGrowthRate": -3.12,
      "date": "2024-10"
    },
    {
      "averageClose": 229.9,
      "averageVolume": 48234567,
      "closeGrowthRate": 2.0,
      "volumeGrowthRate": -6.86,
      "date": "2024-11"
    },
    {
      "averageClose": 175.43,
      "averageVolume": 67890123,
      "closeGrowthRate": -23.69,
      "volumeGrowthRate": 40.73,
      "date": "2024-12"
    }
  ],
  "weeklyData": [
    {
      "averageClose": 172.5,
      "averageVolume": 45231012,
      "closeGrowthRate": -1.68,
      "volumeGrowthRate": 12.34,
      "date": "2024-12-02"
    },
    {
      "averageClose": 174.8,
      "averageVolume": 52341023,
      "closeGrowthRate": 1.33,
      "volumeGrowthRate": 15.72,
      "date": "2024-12-09"
    },
    {
      "averageClose": 176.2,
      "averageVolume": 48923456,
      "closeGrowthRate": 0.8,
      "volumeGrowthRate": -6.53,
      "date": "2024-12-16"
    },
    {
      "averageClose": 175.43,
      "averageVolume": 56789012,
      "closeGrowthRate": -0.44,
      "volumeGrowthRate": 16.08,
      "date": "2024-12-23"
    }
  ],
  "biweeklyData": [
    {
      "averageClose": 173.65,
      "averageVolume": 48786017,
      "closeGrowthRate": -0.18,
      "volumeGrowthRate": 14.03,
      "date": "2024-12-09"
    },
    {
      "averageClose": 175.82,
      "averageVolume": 52856234,
      "closeGrowthRate": 1.25,
      "volumeGrowthRate": 8.35,
      "date": "2024-12-23"
    }
  ],
  "news": [
    { "title": "Apple Reports Strong Q4 Earnings Beat Expectations", "time": "2 hours ago", "source": "Reuters" },
    { "title": "iPhone 15 Sales Surge in Holiday Season", "time": "4 hours ago", "source": "Bloomberg" },
    { "title": "Apple Invests $1B in AI Technology Development", "time": "1 day ago", "source": "TechCrunch" },
    { "title": "Apple Services Revenue Hits New Record High", "time": "2 days ago", "source": "CNBC" }
  ]
}
