{
  "name": "Tesla Inc.",
  "price": 248.87,
  "change": 5.67,
  "changePercent": 2.33,
  "volume": "89.2M",
  "marketCap": "791B",
  "pe": 62.1,
  "chartData": [
    { "time": "09:30", "price": 243.2 },
    { "time": "10:00", "price": 245.1 },
    { "time": "10:30", "price": 246.8 },
    { "time": "11:00", "price": 247.2 },
    { "time": "11:30", "price": 248.1 },
    { "time": "12:00", "price": 248.9 },
    { "time": "12:30", "price": 247.5 },
    { "time": "13:00", "price": 249.3 },
    { "time": "13:30", "price": 248.6 },
    { "time": "14:00", "price": 250.1 },
    { "time": "14:30", "price": 249.4 },
    { "time": "15:00", "price": 248.87 }
  ],
  "volumeData": [
    { "time": "09:30", "volume": 15.2 },
    { "time": "10:00", "volume": 18.1 },
    { "time": "10:30", "volume": 14.8 },
    { "time": "11:00", "volume": 22.2 },
    { "time": "11:30", "volume": 16.9 },
    { "time": "12:00", "volume": 12.4 },
    { "time": "12:30", "volume": 19.7 },
    { "time": "13:00", "volume": 21.3 },
    { "time": "13:30", "volume": 17.8 },
    { "time": "14:00", "volume": 25.6 },
    { "time": "14:30", "volume": 23.1 },
    { "time": "15:00", "volume": 28.9 }
  ],
  "monthlyData": [
    {
      "averageClose": 248.5,
      "averageVolume": 78234567,
      "closeGrowthRate": 0,
      "volumeGrowthRate": 0,
      "date": "2023-12"
    },
    {
      "averageClose": 191.6,
      "averageVolume": 95678901,
      "closeGrowthRate": -22.89,
      "volumeGrowthRate": 22.31,
      "date": "2024-01"
    },
    {
      "averageClose": 201.3,
      "averageVolume": 87345678,
      "closeGrowthRate": 5.06,
      "volumeGrowthRate": -8.71,
      "date": "2024-02"
    },
    {
      "averageClose": 175.8,
      "averageVolume": 102456789,
      "closeGrowthRate": -12.66,
      "volumeGrowthRate": 17.29,
      "date": "2024-03"
    },
    {
      "averageClose": 144.9,
      "averageVolume": 89567890,
      "closeGrowthRate": -17.56,
      "volumeGrowthRate": -12.58,
      "date": "2024-04"
    },
    {
      "averageClose": 178.8,
      "averageVolume": 115678901,
      "closeGrowthRate": 23.39,
      "volumeGrowthRate": 29.15,
      "date": "2024-05"
    },
    {
      "averageClose": 182.5,
      "averageVolume": 98234567,
      "closeGrowthRate": 2.07,
      "volumeGrowthRate": -15.07,
      "date": "2024-06"
    },
    {
      "averageClose": 218.9,
      "averageVolume": 124901234,
      "closeGrowthRate": 19.95,
      "volumeGrowthRate": 27.13,
      "date": "2024-07"
    },
    {
      "averageClose": 238.7,
      "averageVolume": 108567890,
      "closeGrowthRate": 9.04,
      "volumeGrowthRate": -13.08,
      "date": "2024-08"
    },
    {
      "averageClose": 241.0,
      "averageVolume": 92890123,
      "closeGrowthRate": 0.96,
      "volumeGrowthRate": -14.44,
      "date": "2024-09"
    },
    {
      "averageClose": 248.9,
      "averageVolume": 87456789,
      "closeGrowthRate": 3.28,
      "volumeGrowthRate": -5.85,
      "date": "2024-10"
    },
    {
      "averageClose": 345.2,
      "averageVolume": 156123456,
      "closeGrowthRate": 38.68,
      "volumeGrowthRate": 78.52,
      "date": "2024-11"
    },
    {
      "averageClose": 248.87,
      "averageVolume": 134789012,
      "closeGrowthRate": -27.9,
      "volumeGrowthRate": -13.67,
      "date": "2024-12"
    }
  ],
  "weeklyData": [
    {
      "averageClose": 265.4,
      "averageVolume": 125234567,
      "closeGrowthRate": -23.12,
      "volumeGrowthRate": -19.78,
      "date": "2024-12-02"
    },
    {
      "averageClose": 252.8,
      "averageVolume": 138678901,
      "closeGrowthRate": -4.75,
      "volumeGrowthRate": 10.73,
      "date": "2024-12-09"
    },
    {
      "averageClose": 245.2,
      "averageVolume": 142345678,
      "closeGrowthRate": -3.01,
      "volumeGrowthRate": 2.64,
      "date": "2024-12-16"
    },
    {
      "averageClose": 248.87,
      "averageVolume": 132456789,
      "closeGrowthRate": 1.49,
      "volumeGrowthRate": -6.95,
      "date": "2024-12-23"
    }
  ],
  "biweeklyData": [
    {
      "averageClose": 259.1,
      "averageVolume": 131956734,
      "closeGrowthRate": -24.93,
      "volumeGrowthRate": -4.53,
      "date": "2024-12-09"
    },
    {
      "averageClose": 247.04,
      "averageVolume": 137401233,
      "closeGrowthRate": -4.65,
      "volumeGrowthRate": 4.13,
      "date": "2024-12-23"
    }
  ],
  "news": [
    { "title": "Tesla Delivers Record 484,507 Vehicles in Q4", "time": "30 minutes ago", "source": "Reuters" },
    { "title": "Cybertruck Production Exceeds 50,000 Units", "time": "2 hours ago", "source": "Electrek" },
    { "title": "Tesla Expands Supercharger Network to 60,000 Stations", "time": "5 hours ago", "source": "InsideEVs" },
    { "title": "Musk Announces Full Self-Driving Beta Expansion", "time": "8 hours ago", "source": "TechCrunch" }
  ]
}
